p11,p22
364,707
276,646
548,635
410,414
417,115
550,615
609,508
387,422
408,832
778,302
573,777
512,448
634,413
784,415
80,64
450,790
409,407
315,233
162,158
380,368
687,510
733,309
156,694
233,740
319,689
233,319
694,320
740,689
801,737
539,110
106,322
364,803
694,156
233,740
689,319
422,615
409,646
777,634
573,548
327,712
180,531
701,727
33,485
88,538
413,423
491,772
345,110
737,330
547,106
295,402
494,111
36,753
536,428
422,784
573,778
233,578
696,704
162,733
506,191
624,146
544,88
634,573
754,83
797,22
305,656
620,495
638,665
428,536
326,227
364,489
344,481
55,366
233,283
547,803
707,578
727,510
180,733
327,380
328,210
536,315
176,184
631,335
154,162
687,531
309,712
701,368
112,801
735,539
322,377
784,387
531,727
808,184
163,690
544,836
801,717
355,433
240,696
547,332
327,225
712,321
314,282
440,657
81,227
375,313
368,729
702,180
224,338
777,410
784,615
646,573
512,634
12,476
655,266
233,311
155,653
317,154
226,733
803,461
539,159
331,362
687,244
283,380
378,715
366,748
326,700
174,759
353,509
176,701
55,737
112,703
488,382
345,720
339,454
537,732
806,335
578,234
337,394
358,536
422,409
777,784
646,573
668,640
600,242
545,704
365,181
326,369
326,578
657,461
224,429
180,230
677,210
390,805
777,307
147,276
402,422
7,646
51,387
634,33
409,591
573,42
168,422
777,42
409,33
573,307
634,7
387,147
402,646
51,276
396,61
662,467
233,695
806,299
174,671
355,673
547,730
176,232
362,274
331,713
732,343
422,387
409,512
573,410
784,276
646,609
777,448
12,427
476,372
337,158
544,710
655,597
266,296
364,676
545,381
461,228
325,9
488,688
283,350
803,659
737,460
353,661
159,741
382,357
724,336
700,723
334,633
703,721
733,328
226,329
55,62
370,156
539,459
326,352
509,736
380,212
646,777
634,615
512,410
784,573
640,782
668,629
819,709
345,110
578,320
361,324
391,654
366,284
393,385
355,356
442,78
270,346
728,5
736,431
209,745
377,271
726,177
234,658
715,772
365,706
748,229
244,318
358,536
600,599
242,590
409,573
422,646
387,609
512,410
448,790
784,414
777,615
276,849
181,106
687,65
578,366
662,791
396,639
578,210
61,570
467,388
210,233
634,512
315,158
654,725
409,777
422,784
646,414
387,849
512,790
609,276
573,615
410,448
364,362
732,283
209,180
168,67
147,277
538,707
112,700
410,615
512,646
634,784
777,573
369,88
168,45
39,83
277,751
67,179
461,718
591,630
536,326
147,51
638,39
39,506
7,485
630,277
581,214
591,463
227,339
420,42
533,153
830,157
175,239
218,38
40,237
132,32
16,198
506,152
222,19
529,559
575,486
258,264
436,305
469,39
620,795
656,528
53,650
402,255
545,733
634,422
512,409
499,45
51,624
634,410
573,512
777,784
646,615
510,689
707,88
7,503
823,58
464,580
20,823
20,136
292,436
754,83
536,538
646,409
162,315
713,808
634,609
422,777
409,635
512,646
283,442
435,55
725,336
255,493
624,650
815,430
264,145
239,101
485,463
581,557
506,744
218,215
143,200
112,229
402,591
214,307
646,409
42,199
656,494
28,196
751,638
529,19
403,39
158,322
654,78
45,618
46,66
805,337
634,646
573,615
512,777
410,784
88,536
149,31
277,762
762,202
239,149
387,116
387,450
609,831
414,788
790,548
609,417
790,248
414,408
788,519
116,407
831,550
591,214
358,578
538,369
700,323
635,769
646,408
777,837
609,75
422,508
718,429
510,321
189,217
193,28
214,739
403,264
528,571
168,190
463,810
505,146
529,484
470,258
199,237
754,444
486,235
277,179
33,7
255,485
147,621
461,374
519,635
609,411
450,543
831,769
407,75
790,80
508,115
414,832
769,603
80,249
790,246
414,413
519,837
831,10
411,778
407,779
115,835
75,452
832,423
635,114
450,351
543,426
609,844
512,248
409,548
573,550
276,387
422,408
448,116
784,417
777,788
591,239
67,581
210,748
422,778
609,72
508,414
837,548
408,426
635,387
777,450
769,410
75,249
646,302
450,64
408,831
778,276
635,603
302,10
249,766
769,844
548,835
508,832
609,543
575,758
494,742
51,533
573,634
512,784
777,615
646,410
538,162
369,326
762,37
75,610
548,115
548,766
387,842
351,610
246,816
543,64
249,622
426,598
450,842
790,268
80,766
116,407
276,779
448,452
387,75
248,835
409,302
512,508
116,543
508,790
302,268
115,622
835,249
779,598
407,426
248,80
409,816
276,64
452,351
512,246
448,450
536,88
707,162
732,800
646,634
689,745
78,232
364,717
42,179
168,14
277,486
10,60
114,594
423,114
140,19
16,419
684,373
190,560
529,21
656,17
238,627
200,581
292,596
222,580
630,7
573,410
57,282
544,538
369,657
158,368
717,531
680,633
631,283
490,494
42,28
650,199
7,501
258,485
53,739
147,101
235,698
626,824
153,127
801,226
174,224
364,326
337,702
88,317
19,754
634,777
573,448
655,118
630,51
315,158
433,172
227,531
176,57
801,327
539,180
322,727
707,365
495,90
503,94
402,554
61,267
55,299
784,831
387,603
573,609
548,422
510,633
831,291
519,780
769,768
635,787
603,72
573,844
777,414
784,609
550,778
788,832
422,413
417,411
408,423
609,10
777,780
417,768
573,291
414,837
784,831
550,769
422,519
411,72
788,635
408,787
832,594
778,603
39,97
621,470
147,214
326,226
654,714
111,66
642,575
503,554
315,707
777,448
784,387
358,233
162,326
149,6
45,143
646,615
409,548
578,335
315,88
615,778
369,488
358,366
674,117
536,55
176,331
174,481
528,412
132,496
684,564
193,145
578,78
538,326
573,778
634,615
777,646
448,512
656,20
39,222
553,464
19,638
123,522
364,633
174,536
88,162
410,635
176,326
801,536
174,631
162,702
328,545
547,701
531,330
345,712
236,365
300,582
33,485
531,283
57,314
707,158
538,55
657,344
735,510
733,112
236,53
582,196
368,110
687,106
737,309
603,406
422,410
615,387
831,508
609,248
635,448
548,573
778,784
184,364
226,335
88,315
210,224
337,154
176,314
300,196
53,365
819,63
144,25
264,492
59,419
563,528
439,128
506,101
778,409
581,147
307,591
630,175
481,687
717,366
233,369
544,578
803,282
512,276
615,784
646,410
573,387
448,422
777,548
754,19
7,45
39,223
176,88
461,173
712,735
701,377
531,112
575,35
642,68
538,668
123,428
336,232
784,406
778,603
387,831
615,508
573,635
548,448
422,609
410,248
489,182
233,819
364,653
331,112
690,714
315,654
335,162
630,255
638,306
538,597
428,634
123,326
668,88
275,160
160,376
275,259
538,364
657,226
57,337
531,88
158,735
345,368
547,309
687,330
300,53
365,196
314,365
687,283
55,282
717,344
369,707
733,322
801,510
539,380
582,53
236,196
106,727
110,180
327,737
778,550
315,702
545,733
210,174
326,335
154,317
163,299
707,717
300,236
365,582
387,64
778,417
410,80
276,508
784,769
128,218
560,437
529,486
28,38
631,481
536,803
328,366
233,176
162,578
512,790
415,76
634,248
615,115
409,302
573,414
422,550
448,268
646,408
777,450
548,249
591,829
33,485
503,29
96,24
51,402
470,89
209,369
364,106
547,112
345,377
735,330
495,201
763,767
45,490
633,282
406,414
248,276
609,842
508,816
831,413
635,788
548,408
387,116
422,780
603,114
448,246
631,232
88,365
339,326
226,716
784,60
80,635
769,837
707,210
76,609
615,842
634,166
450,246
415,281
115,116
410,603
646,421
408,766
248,10
249,406
548,426
777,50
725,393
702,158
55,803
227,339
177,746
508,80
344,224
364,55
88,283
337,707
226,345
727,701
531,180
712,327
531,176
158,631
538,536
657,328
57,162
801,106
322,110
539,737
380,309
510,368
687,733
704,710
788,769
413,281
114,60
408,450
387,622
550,265
635,790
406,72
246,426
116,76
603,249
831,415
780,252
842,64
816,452
248,543
448,832
578,326
366,702
481,322
801,233
174,803
629,456
610,452
387,780
42,221
19,39
154,365
733,544
369,210
335,717
315,282
581,485
630,843
64,831
778,844
422,351
508,265
417,787
448,72
409,610
302,788
790,423
512,816
550,832
573,114
268,413
414,543
276,835
235,796
7,51
199,750
656,761
557,218
299,716
364,578
733,345
547,510
330,380
111,46
812,556
629,61
456,791
176,340
88,180
551,835
548,451
248,75
246,268
816,845
422,115
64,598
788,589
609,302
408,423
778,421
276,837
114,379
406,166
414,417
252,10
116,766
281,351
544,710
657,536
791,257
629,599
456,41
61,123
282,704
421,768
610,452
816,256
166,594
50,451
57,272
226,174
633,233
803,184
154,55
344,184
45,581
575,494
377,345
735,330
112,547
51,214
78,743
80,543
408,831
508,252
276,637
635,770
387,248
790,647
407,75
417,769
609,421
407,75
832,835
573,603
302,116
638,754
564,419
470,430
55,707
462,319
642,483
595,127
536,364
808,299
707,335
615,409
777,573
422,548
646,634
630,591
315,88
133,214
560,18
592,403
136,811
544,631
754,665
638,101
162,365
707,335
283,315
210,314
180,377
727,735
327,112
631,226
328,735
364,162
88,176
536,337
737,712
701,106
531,110
710,654
368,539
322,309
801,687
640,597
590,629
578,657
538,803
366,375
481,158
57,233
369,317
717,702
174,282
326,365
545,687
55,481
640,597
590,629
112,328
106,380
510,737
733,110
331,374
531,283
158,176
653,106
716,545
597,428
629,165
590,639
162,806
51,147
339,460
227,717
184,366
481,210
335,803
578,154
315,233
180,330
547,727
327,345
344,631
536,283
176,314
55,162
707,328
112,309
687,735
368,377
531,539
801,701
322,712
88,544
337,365
717,224
364,369
282,226
57,317
158,326
702,375
174,657
538,545
490,497
630,33
53,217
634,512
696,246
680,426
156,543
102,64
64,696
680,246
156,426
102,543
35,624
767,94
680,107
93,210
236,365
300,582
531,510
733,712
380,701
597,88
662,476
453,591
629,41
847,641
456,590
839,49
396,655
668,242
640,61
538,95
315,372
7,42
404,402
42,404
7,402
800,508
374,769
766,112
429,276
548,340
461,249
831,231
800,831
769,231
461,548
429,508
374,766
276,340
112,249
55,369
210,485
680,20
300,470
365,214
597,88
629,41
662,591
476,453
372,95
640,242
538,61
668,315
847,93
396,786
456,839
590,389
404,138
7,751
42,19
402,147
404,70
402,761
751,630
42,237
138,638
7,179
147,620
19,277
58,254
634,512
107,20
582,470
236,214
93,485
608,848
476,315
61,118
165,257
668,453
467,206
799,298
773,578
538,629
707,243
88,372
597,242
41,95
8,764
570,360
662,640
375,184
57,335
315,538
657,154
158,210
309,727
327,368
180,687
634,8
799,243
453,372
257,848
88,668
608,511
95,591
315,597
476,242
467,360
570,165
773,578
629,538
707,298
61,41
640,662
282,176
631,365
328,717
369,536
162,544
512,409
322,547
801,330
345,539
735,110
737,112
377,106
581,630
591,147
707,317
702,55
314,545
326,283
344,174
634,409
170,279
639,467
88,456
599,298
847,118
213,243
428,578
522,608
257,774
41,655
662,396
629,49
123,570
786,597
476,590
453,389
485,59
101,430
546,829
218,404
51,307
803,224
233,337
364,366
481,226
88,578
39,186
214,53
634,512
450,299
461,426
64,704
543,320
299,543
704,450
461,64
320,426
608,522
170,764
456,629
847,41
786,118
88,49
597,839
428,298
389,266
639,570
476,590
257,774
396,662
599,243
467,123
578,213
618,624
377,801
539,112
735,322
90,36
295,169
294,34
7,33
427,389
786,131
674,655
213,278
791,428
838,608
369,847
775,641
590,12
396,162
515,467
296,599
456,782
536,170
388,257
570,585
231,249
831,429
103,548
340,508
800,769
276,461
374,387
276,112
800,249
461,508
769,429
340,831
387,231
548,374
233,704
364,806
634,777
543,222
609,664
111,410
127,10
45,646
630,591
638,152
233,704
634,512
427,456
428,278
396,782
847,674
12,655
369,590
570,838
641,613
599,296
791,213
786,131
388,257
608,585
170,536
162,389
467,515
88,545
702,224
226,174
364,326
337,317
409,634
389,427
88,243
538,428
591,570
315,296
629,298
773,511
848,799
608,41
515,369
639,847
372,599
95,278
476,467
764,266
61,536
786,398
522,655
782,456
662,279
590,123
162,49
388,12
213,668
165,348
791,242
597,257
396,253
640,170
707,360
131,838
585,674
701,309
531,368
687,712
266,170
838,257
131,105
848,764
360,279
512,409
717,375
158,544
538,282
57,369
365,657
733,727
180,380
327,510
372,574
585,608
629,599
123,775
590,242
388,570
578,511
315,655
597,49
41,396
674,640
213,88
799,479
162,522
707,791
12,668
296,773
639,427
278,8
165,243
467,515
456,476
428,662
389,118
786,95
847,61
782,774
547,106
737,345
110,330
279,479
847,8
360,266
662,165
315,162
154,631
176,184
536,210
328,335
90,777
625,622
51,512
495,249
533,832
226,326
538,608
707,590
61,162
388,456
639,597
95,427
12,428
364,233
364,283
315,544
174,803
88,547
545,233
717,210
57,162
154,369
335,368
801,106
536,158
538,631
176,657
344,224
226,707
531,328
702,481
733,282
322,737
777,646
409,548
573,422
634,615
544,345
702,390
168,146
144,141
238,656
147,67
132,157
19,506
83,638
308,568
624,821
756,665
725,740
158,510
803,326
410,252
784,832
115,603
646,647
415,276
414,421
640,467
88,511
131,170
522,41
315,253
599,369
668,570
791,298
782,242
123,118
655,799
257,372
389,585
838,396
213,674
515,49
278,578
629,848
786,348
476,774
243,296
7,843
829,45
485,214
402,825
803,283
344,578
481,55
707,366
233,314
512,634
158,531
702,282
674,257
847,764
170,511
522,515
368,110
309,737
687,106
503,288
68,642
127,824
335,328
461,461
315,597
774,840
213,848
608,781
12,570
61,591
782,799
634,786
372,641
668,396
296,662
467,369
298,655
599,360
123,838
639,388
578,590
242,476
88,278
427,707
266,536
640,49
428,165
162,773
118,95
791,629
253,8
456,538
165,562
791,206
696,654
226,233
634,777
118,773
838,95
640,522
639,668
427,578
608,213
467,170
12,456
774,372
538,123
428,570
49,131
315,388
655,629
162,279
278,360
61,585
597,707
476,799
590,662
369,389
782,243
786,453
296,511
88,847
396,781
8,41
764,775
242,515
257,599
366,240
786,206
360,847
278,785
522,574
781,398
838,773
704,654
512,503
387,624
135,769
246,205
35,844
7,33
702,106
41,243
61,640
515,799
629,782
467,389
396,257
428,536
279,118
476,298
511,655
213,791
242,372
8,585
570,456
296,599
427,662
12,639
369,123
162,266
49,608
707,388
538,95
590,165
315,668
578,597
88,613
364,365
427,360
372,773
511,253
515,298
608,774
838,764
522,257
95,674
365,233
803,282
369,578
544,366
481,717
590,536
597,662
61,131
456,428
585,634
41,453
389,213
707,668
570,123
396,785
538,348
206,775
599,49
118,629
315,12
388,243
467,639
165,782
847,296
791,786
655,479
799,640
369,242
476,266
735,733
510,377
112,380
337,184
154,364
226,335
315,224
210,88
547,712
345,701
330,531
57,704
322,327
727,539
180,801
57,344
707,375
314,158
283,657
538,55
117,290
402,214
51,42
146,196
463,815
308,186
19,620
326,162
328,317
702,176
631,545
536,174
591,630
575,465
7,175
409,634
117,290
656,505
456,668
737,180
110,727
106,327
94,618
45,540
497,287
290,117
456,668
538,315
233,696
538,315
634,777
235,141
218,441
468,580
654,710
668,456
290,517
117,593
634,409
20,150
55,176
162,578
366,328
536,233
481,631
176,803
634,409
733,801
539,510
322,380
545,154
174,184
315,317
210,702
335,326
409,634
687,345
330,368
547,309
531,377
712,735
701,112
801,209
55,282
369,283
314,544
717,344
707,365
33,7
777,634
209,801
45,147
657,226
224,158
57,337
538,88
364,375
409,634
255,815
630,621
196,617
42,143
209,801
620,19
90,483
51,126
763,54
801,209
777,609
478,354
354,792
251,208
502,359
289,652
704,743
538,123
121,395
593,297
299,523
77,817
828,290
793,273
517,607
117,612
122,577
765,280
801,209
233,382
395,502
593,354
793,704
817,783
106,121
612,517
290,678
251,849
354,107
117,122
123,591
409,634
634,615
409,573
620,238
168,619
576,777
260,422
226,521
74,276
92,784
51,776
649,564
48,410
33,314
473,717
588,67
79,55
591,536
328,184
328,174
184,282
620,168
620,19
238,147
168,146
619,830
19,39
830,439
620,148
619,69
168,27
146,638
147,626
238,239
817,297
652,359
612,828
523,280
354,77
251,792
478,354
817,289
512,387
67,52
784,771
328,234
282,707
184,163
174,322
122,517
765,704
121,290
793,299
107,577
110,593
55,119
532,410
73,314
514,33
461,710
543,834
422,804
233,167
696,11
709,64
524,777
564,632
472,426
263,506
226,789
446,276
316,643
717,586
171,51
450,250
536,662
322,803
184,209
163,578
234,311
282,227
707,210
328,180
174,63
630,591
395,652
517,523
280,817
121,765
828,354
792,122
77,577
251,359
289,354
793,297
290,478
117,107
110,502
704,299
593,612
55,125
789,784
561,543
450,120
64,472
527,564
303,777
709,696
67,584
314,717
51,188
514,226
33,504
710,316
260,276
461,833
506,167
233,643
827,426
410,82
422,363
662,402
430,529
751,650
450,413
448,417
548,543
422,635
550,387
615,408
778,302
790,787
609,10
831,249
835,76
573,268
770,166
637,837
769,246
248,766
423,406
80,114
508,109
116,844
75,816
538,428
491,184
209,335
801,309
687,539
322,368
272,156
51,763
618,490
233,357
333,106
538,7
702,364
573,646
409,422
548,634
777,615
358,725
704,679
538,456
547,177
832,76
101,83
506,665
815,843
464,555
495,35
70,129
45,127
292,144
19,795
620,638
634,409
738,564
171,276
73,33
776,55
233,461
455,67
709,710
473,226
530,784
446,422
316,833
717,755
314,586
696,64
11,506
167,426
648,450
543,623
616,410
51,798
777,681
502,678
121,828
122,607
354,397
395,359
577,783
478,792
354,77
517,289
523,612
568,222
618,494
769,75
61,570
629,467
123,662
599,476
456,12
41,388
791,428
257,597
290,273
117,652
251,593
817,110
106,793
121,478
117,354
517,77
354,783
577,251
502,122
612,107
607,297
289,765
828,395
817,792
382,161
414,75
609,249
630,591
119,51
450,526
233,316
276,422
67,587
717,33
410,524
91,543
777,583
586,226
567,564
461,64
314,514
709,506
263,426
55,74
521,784
710,696
110,793
106,359
523,593
290,652
665,39
41,242
599,165
704,708
755,226
409,634
476,296
791,266
123,786
570,590
257,640
12,847
61,372
428,427
388,668
597,655
662,782
629,118
467,396
456,639
33,586
314,789
506,472
119,422
696,827
276,188
461,167
587,410
450,822
310,564
643,426
67,124
777,567
717,784
405,543
233,709
710,11
316,64
55,51
538,315
64,167
506,316
477,543
226,504
410,67
51,422
717,771
55,363
450,383
777,564
125,276
696,426
33,784
233,11
710,833
314,530
709,461
409,646
634,615
226,314
543,480
789,717
316,472
709,426
777,527
696,461
670,564
33,473
450,525
504,784
643,506
67,261
276,55
51,125
64,827
422,188
584,410
233,710
117,765
538,315
765,117
180,727
545,183
88,510
233,734
29,30
656,168
485,815
7,829
630,581
196,197
33,402
146,19
89,341
582,520
694,173
78,740
319,675
201,628
490,499
496,664
117,765
33,51
135,39
582,794
520,605
536,315
428,88
803,284
283,672
777,646
609,387
710,329
33,111
39,295
158,335
319,675
694,173
78,740
815,485
696,156
573,615
634,409
387,276
777,422
754,196
536,375
315,456
88,162
428,57
51,45
512,113
387,448
620,19
646,512
591,630
233,710
319,719
694,155
747,740
19,203
638,101
307,189
581,843
484,505
42,23
51,402
503,575
634,573
422,409
276,615
777,387
18,419
449,255
53,656
698,254
233,710
328,333
174,345
694,155
740,747
234,88
184,344
151,71
618,126
495,111
707,706
224,334
233,110
428,538
709,460
777,615
409,573
422,387
634,276
563,470
578,154
578,154
428,538
326,692
216,142
500,305
26,850
262,134
152,137
139,202
565,829
262,202
731,739
739,565
731,829
565,26
829,262
262,305
202,142
739,139
19,620
538,639
428,456
815,214
428,396
456,388
639,7
538,296
307,402
175,179
634,777
573,276
422,615
409,387
505,638
39,669
53,560
575,66
319,705
740,714
312,694
615,573
113,766
512,635
387,249
448,548
409,832
646,777
29,36
157,35
642,222
68,111
456,163
538,668
388,489
296,227
639,634
428,657
7,536
396,88
654,801
743,299
657,117
536,123
489,570
88,782
634,715
296,45
428,369
538,242
456,704
639,315
227,14
163,630
396,365
7,662
388,366
668,335
712,210
498,317
209,544
402,189
620,99
654,106
573,777
387,615
409,276
634,422
55,158
795,39
542,675
232,173
78,160
747,699
722,719
275,155
694,108
319,259
660,740
312,651
272,714
693,549
573,778
634,512
409,447
615,609
634,248
591,630
214,7
646,512
33,139
233,181
147,843
255,621
529,752
813,470
430,829
196,820
650,69
218,757
503,94
575,35
51,135
777,276
409,615
634,387
573,422
538,315
722,675
78,275
173,699
615,115
157,287
618,34
763,68
495,288
548,550
832,64
573,408
248,543
425,387
646,609
113,422
635,268
448,450
777,276
512,423
409,80
634,415
766,784
249,410
538,315
747,319
740,719
155,694
609,410
646,115
777,302
387,422
33,7
162,337
259,693
108,312
714,660
199,200
634,615
422,276
409,777
573,387
214,591
538,315
656,175
232,651
542,549
272,160
512,635
615,410
634,10
609,777
448,646
409,387
591,630
707,489
415,837
417,769
413,423
646,787
422,166
276,637
450,406
414,10
615,249
603,268
548,114
421,609
410,109
252,508
635,770
387,766
448,246
550,248
115,573
777,816
778,116
408,831
647,790
784,835
543,80
302,844
826,545
255,581
754,19
538,33
339,633
369,317
174,544
282,326
717,702
545,687
531,110
106,712
737,701
57,578
531,233
538,481
803,158
573,248
778,422
19,620
646,512
609,291
761,45
662,162
209,654
317,544
638,152
650,238
503,664
175,255
111,575
465,556
7,581
292,555
144,198
615,448
276,548
662,630
722,740
319,699
275,694
801,210
498,712
36,624
496,90
33,591
276,787
80,778
609,76
450,768
423,417
408,831
268,116
248,816
115,413
249,246
425,406
548,790
113,769
415,603
766,508
832,302
630,488
78,693
675,714
312,173
777,790
422,769
646,787
387,448
410,249
115,413
302,415
488,597
651,660
272,259
108,549
419,513
147,500
307,168
548,635
422,451
615,646
448,418
276,769
428,123
364,337
160,719
232,155
747,542
428,597
123,456
428,590
456,668
123,12
597,639
646,512
710,106
620,19
101,506
218,43
630,829
402,238
39,20
203,150
591,45
777,635
387,646
448,784
276,508
418,417
548,410
769,265
615,423
7,33
214,168
470,851
139,144
53,686
19,101
620,506
693,155
719,714
747,312
801,712
209,498
575,286
35,466
624,642
609,414
113,265
76,130
406,351
816,835
413,622
268,114
790,281
415,780
302,837
246,844
766,426
768,72
603,10
423,50
787,291
651,722
275,549
272,699
317,801
387,64
609,508
115,409
769,450
777,276
302,548
413,406
646,281
415,414
448,417
790,268
787,265
291,423
249,778
410,615
382,365
176,335
173,259
108,675
78,660
51,175
546,528
387,276
382,78
635,418
646,508
777,417
784,248
448,778
548,415
423,249
410,406
769,302
265,414
615,408
806,162
591,490
199,196
694,542
319,579
740,232
33,214
69,528
42,97
45,432
190,264
255,277
630,529
620,19
818,39
51,402
33,591
575,401
54,111
382,390
290,793
593,395
117,106
517,19
639,165
782,655
296,41
488,317
315,162
536,366
134,15
829,192
210,209
712,544
387,448
815,528
255,503
101,292
795,518
276,778
508,248
635,265
777,302
646,784
615,268
418,414
408,407
249,543
415,246
410,281
423,832
548,606
406,831
382,177
117,704
395,620
517,110
290,754
19,233
593,450
106,107
793,849
761,45
162,282
366,733
317,158
315,375
450,645
849,2
19,523
110,1
107,638
395,471
754,709
704,502
323,677
461,510
800,374
429,284
417,769
512,646
315,657
55,365
366,707
233,696
414,615
650,153
815,463
402,147
99,22
620,192
7,630
635,408
418,268
769,543
248,831
387,415
276,606
784,410
646,281
448,246
417,249
302,423
508,406
777,832
778,548
662,668
485,255
591,33
181,633
366,226
315,631
719,549
155,651
272,747
151,595
45,664
203,474
657,283
365,717
668,597
662,428
259,542
108,232
660,579
177,336
265,116
790,426
302,784
409,780
422,606
615,550
64,10
406,635
609,512
423,589
646,832
777,543
414,452
778,614
448,573
317,337
158,531
428,427
668,118
662,640
597,791
328,233
740,173
78,694
675,319
202,754
152,412
410,609
281,114
407,766
302,837
548,603
415,451
402,815
177,710
428,599
427,41
118,165
668,467
597,476
640,655
791,12
662,782
633,343
322,327
162,317
640,372
12,123
668,396
467,570
428,786
655,629
476,388
599,61
427,590
791,257
662,847
118,266
41,296
165,456
782,639
597,242
312,722
699,693
714,275
635,276
387,548
634,291
422,790
778,844
615,508
409,415
609,72
646,450
777,115
248,837
448,80
512,246
410,603
10,418
573,417
769,76
591,67
718,185
112,677
800,429
229,510
374,677
112,229
284,800
745,700
630,255
45,761
710,367
512,646
117,517
597,668
662,476
806,712
364,808
335,327
176,155
323,429
800,185
677,284
745,340
510,700
461,185
718,429
801,498
712,209
528,40
305,430
485,795
189,505
69,575
448,609
249,766
248,302
414,114
778,548
769,415
246,413
418,426
543,844
406,614
265,60
408,80
268,116
276,790
281,598
837,115
603,787
410,550
451,76
407,50
402,503
517,290
117,793
709,316
262,656
53,101
529,621
106,692
668,427
597,12
476,639
662,590
275,660
722,108
699,259
654,317
544,210
33,591
51,494
126,642
316,299
366,657
735,727
180,112
377,327
315,162
380,547
345,510
733,330
548,777
634,422
646,615
573,409
162,364
226,176
328,224
88,536
631,337
233,819
844,622
421,842
497,403
191,540
815,305
264,465
219,400
505,194
200,45
96,443
754,506
147,630
547,315
154,707
733,344
55,184
210,283
835,281
816,114
76,780
252,768
166,426
75,60
604,72
214,591
558,196
150,341
709,710
740,691
272,694
319,651
450,408
426,80
265,114
268,246
417,766
451,831
508,424
635,837
787,841
291,72
276,622
281,60
10,351
249,598
548,407
413,603
415,842
410,248
115,816
778,75
387,835
177,299
316,696
709,336
41,427
590,118
782,847
296,629
655,12
396,476
337,717
579,312
714,542
232,693
305,432
137,304
548,603
402,7
177,110
615,844
832,406
417,790
508,426
646,80
423,413
606,116
831,60
766,50
769,451
414,281
609,410
248,115
265,72
246,768
276,452
550,450
76,780
268,424
837,10
408,835
418,351
598,610
543,75
407,64
787,622
570,61
668,476
388,791
599,597
266,467
639,640
55,366
78,155
747,173
719,675
603,816
409,64
418,406
837,846
448,413
844,842
276,423
422,408
573,769
609,114
646,249
634,766
10,76
615,784
415,426
410,606
512,622
548,831
790,268
19,638
156,633
233,392
106,689
800,718
374,284
700,229
112,745
429,374
700,718
800,745
510,323
395,523
121,765
289,817
793,502
646,777
668,597
165,372
476,590
19,438
638,620
800,374
461,510
323,718
700,185
700,284
510,429
374,323
718,185
210,498
317,209
560,810
815,195
199,553
292,487
121,395
793,523
502,817
765,289
843,146
175,757
42,36
264,494
436,269
14,529
29,575
503,664
635,543
233,106
689,392
162,283
740,312
693,319
694,714
675,651
272,78
173,691
722,160
275,542
232,699
719,259
660,155
747,108
801,544
712,654
765,502
793,817
289,395
523,121
406,832
618,496
35,203
282,283
282,283
395,502
523,817
121,289
793,765
512,777
615,548
177,743
262,44
139,602
544,498
502,121
765,817
523,289
793,395
490,503
179,621
238,815
743,747
51,214
199,638
233,709
335,106
777,247
80,787
842,265
837,424
450,407
831,116
387,451
291,598
248,550
635,60
609,281
417,302
246,614
603,351
413,780
508,452
115,589
778,414
415,75
106,367
392,181
395,817
502,289
793,121
523,765
710,633
367,392
106,181
793,289
817,121
502,523
395,765
512,548
777,615
646,784
508,387
633,181
710,106
392,367
255,33
7,485
317,174
712,317
654,210
42,420
581,277
572,235
630,214
67,200
248,10
548,622
406,594
832,614
769,780
60,265
116,424
80,835
831,72
302,837
766,64
448,450
413,246
249,407
609,550
114,598
508,418
606,268
417,276
415,76
790,452
646,408
281,610
423,768
844,75
778,787
426,351
615,543
135,157
495,90
656,16
196,31
591,218
144,220
529,685
704,106
365,232
369,544
163,88
715,803
657,364
335,726
366,578
227,314
209,801
634,409
704,710
106,156
365,272
232,275
726,174
227,284
544,498
803,224
335,154
578,180
88,636
369,345
364,155
715,311
657,328
163,337
314,547
366,429
773,574
590,785
360,118
775,278
257,95
634,508
409,512
743,722
476,206
388,662
266,585
782,479
608,61
538,764
296,162
597,511
640,279
389,398
674,611
12,707
655,213
372,243
453,838
668,298
427,791
786,599
522,396
315,570
639,456
41,848
467,242
629,515
799,369
428,839
49,774
227,805
365,723
704,709
364,55
739,178
26,59
214,402
529,179
500,494
168,650
175,485
829,42
45,51
815,255
581,143
147,277
799,608
298,131
213,399
515,848
372,453
722,367
366,338
578,331
512,276
508,769
409,422
634,387
662,538
599,774
782,847
257,348
476,479
597,296
61,396
315,456
791,118
773,467
88,668
570,707
574,764
639,785
388,511
838,360
640,629
123,428
206,585
242,49
427,590
12,279
243,674
655,775
162,786
389,95
41,278
33,591
283,317
805,326
769,115
387,777
276,573
508,408
422,790
662,369
296,585
476,655
467,634
428,613
372,848
629,781
578,570
786,41
774,242
453,131
396,8
599,253
315,639
799,641
640,511
427,170
388,536
751,53
39,823
19,665
322,531
712,801
539,701
485,33
575,294
483,29
335,538
364,55
369,226
364,55
314,275
545,657
702,158
57,801
174,375
538,317
368,735
687,377
112,309
687,364
88,369
226,544
717,337
224,365
327,345
547,727
180,330
380,737
510,110
733,106
344,536
631,314
176,283
707,328
55,162
581,829
754,152
430,797
175,485
580,70
83,665
233,335
456,773
608,243
791,838
597,590
49,707
257,298
668,206
55,176
803,510
88,228
545,702
266,467
791,372
847,840
399,348
278,640
360,781
213,61
578,241
174,687
314,488
704,233
639,799
538,296
369,848
456,279
629,608
88,257
786,838
427,476
95,599
511,131
298,389
590,388
707,123
242,170
655,515
597,775
162,41
428,315
773,774
662,570
12,165
396,764
536,668
49,243
782,591
176,162
707,537
146,402
505,464
630,575
621,843
101,419
546,144
650,373
42,29
53,307
179,51
203,457
147,485
372,655
213,118
782,840
608,360
278,131
298,639
474,222
106,336
633,696
276,831
573,609
422,410
790,778
387,603
115,249
408,837
508,417
777,450
769,646
609,64
408,832
410,10
831,426
769,548
778,414
249,766
603,589
450,844
367,161
710,110
620,292
467,206
396,88
428,41
764,522
570,511
848,257
315,773
123,578
369,296
61,8
634,398
538,590
707,242
799,814
791,674
786,668
629,641
388,427
640,847
162,515
662,456
838,253
49,453
597,170
536,12
476,599
693,549
312,651
272,714
170,799
372,613
773,785
118,515
791,467
590,131
388,476
503,753
126,204
392,460
106,696
33,591
409,448
634,784
388,476
536,570
655,674
278,608
369,847
641,206
427,640
428,707
578,95
12,786
599,348
629,774
668,782
538,775
597,585
123,453
298,61
456,360
662,639
49,165
315,243
257,296
511,396
242,279
41,838
87,522
108,319
694,259
660,740
131,613
298,799
453,242
123,360
278,389
257,847
515,785
597,640
646,508
512,387
548,615
784,777
367,807
106,711
692,654
639,165
570,655
369,782
396,791
538,476
634,8
41,668
243,707
786,467
599,585
578,773
61,266
774,848
428,388
49,296
674,162
12,427
629,814
511,398
372,118
838,213
315,662
456,536
608,590
719,699
155,722
747,275
216,164
142,175
7,495
496,667
475,286
773,266
372,838
775,467
785,764
278,522
118,674
360,95
807,316
634,784
409,448
696,329
633,320
181,743
428,279
538,388
453,348
668,515
242,511
707,662
396,786
298,213
296,123
791,774
369,41
629,8
253,608
847,49
315,165
570,782
243,599
585,640
131,597
456,590
639,536
476,12
61,848
427,257
655,389
675,579
542,173
78,232
337,489
654,156
233,709
689,382
460,299
329,696
336,708
316,680
110,743
356,704
367,392
710,633
106,181
428,315
615,387
512,508
777,646
548,784
64,550
575,436
315,639
315,597
528,499
503,38
757,218
485,630
255,402
315,597
214,621
591,189
529,656
196,559
36,28
29,497
579,549
542,651
272,232
7,624
283,735
283,735
51,507
812,111
550,849
315,590
108,693
312,259
714,660
316,173
315,33
319,719
694,155
740,747
731,269
565,101
485,42
575,67
214,239
402,307
316,384
849,450
55,631
675,699
173,722
78,275
299,709
382,161
434,329
323,211
800,284
340,510
374,718
704,336
460,245
696,743
700,461
510,112
718,340
323,229
392,741
316,633
106,110
7,581
64,550
450,543
849,256
677,229
374,185
700,510
800,211
42,403
139,132
175,46
565,813
214,67
233,181
156,367
689,710
255,501
238,292
529,620
33,503
719,160
155,542
747,232
591,7
550,849
64,256
450,72
543,246
282,545
282,545
545,282
111,767
45,293
549,108
651,259
272,660
100,301
468,564
666,533
16,495
468,533
564,666
16,301
495,100
533,16
468,301
666,495
564,100
316,541
488,233
349,693
312,173
78,714
500,86
850,482
438,101
420,496
761,463
402,255
316,740
256,72
849,543
550,246
64,450
335,333
538,510
620,192
319,699
722,694
275,740
161,245
299,743
704,329
106,709
392,382
654,633
367,110
741,181
710,316
485,140
529,202
829,218
757,264
815,430
19,99
72,614
33,420
7,402
214,630
581,255
233,336
460,689
696,320
292,101
550,622
246,416
543,589
64,60
256,426
620,96
238,53
490,656
319,579
694,542
740,232
283,285
283,285
642,824
575,554
108,675
173,259
78,660
740,741
174,328
428,655
699,549
722,651
733,481
578,210
315,366
154,803
7,630
39,663
564,235
373,196
638,506
19,101
365,364
737,735
112,110
106,377
402,135
99,474
158,55
226,708
826,88
314,282
365,272
631,657
88,707
65,730
176,366
702,431
315,726
364,227
687,339
491,328
808,162
381,578
796,757
506,83
315,57
365,300
419,601
20,58
153,144
364,317
299,232
55,176
162,536
538,433
333,345
275,272
33,565
402,29
815,630
741,723
7,581
307,147
45,620
668,456
737,57
719,693
312,155
714,747
106,336
460,734
633,696
283,388
242,314
323,185
112,745
374,340
461,284
677,800
283,242
388,314
680,39
680,39
367,329
181,708
710,299
314,533
283,640
242,646
388,339
510,745
677,211
340,185
284,112
429,374
640,4
388,19
242,761
597,402
88,456
668,315
538,629
123,536
634,782
326,51
428,162
39,680
478,251
612,77
110,382
316,709
741,654
122,817
523,828
395,354
359,517
290,783
297,117
577,106
792,793
107,121
289,593
704,502
208,354
765,652
214,134
255,264
67,630
500,463
147,528
829,430
650,187
218,830
432,42
168,529
7,485
53,277
269,36
436,29
704,233
743,156
689,680
792,354
793,122
121,849
577,517
251,117
354,607
299,612
593,652
107,502
828,280
297,208
478,273
765,783
290,395
817,523
693,699
722,312
714,275
629,707
634,296
668,591
536,33
51,3
162,307
88,590
402,386
735,531
735,531
828,289
395,792
297,612
523,652
517,354
107,704
290,106
502,77
593,354
121,359
817,251
110,117
122,783
577,765
793,478
503,90
624,466
157,760
620,754
675,319
694,173
78,740
502,299
208,828
593,577
107,77
517,251
478,354
792,117
280,765
290,607
817,652
523,359
122,395
612,354
297,121
793,289
579,108
259,542
232,660
7,214
630,575
33,255
51,307
620,754
538,315
719,549
155,651
272,747
181,336
460,710
696,749
538,315
272,39
272,39
110,320
316,689
233,356
272,39
709,704
654,680
382,743
485,168
146,202
575,42
199,221
111,264
189,218
581,565
420,402
51,36
329,633
106,299
708,392
784,422
634,778
448,415
409,387
214,53
591,829
14,656
292,811
675,719
173,155
78,747
545,701
545,701
540,94
45,30
693,160
312,542
714,232
339,233
319,549
694,651
740,272
42,51
7,69
503,190
438,152
214,255
402,485
422,249
784,113
778,276
448,512
634,635
415,637
387,417
409,413
108,699
722,259
275,660
708,741
299,316
110,329
275,39
39,275
710,245
743,367
181,704
7,581
275,39
633,156
233,106
392,689
624,255
630,175
485,307
42,214
101,84
99,198
430,810
239,218
67,420
413,408
696,434
460,709
336,654
409,831
635,548
784,777
415,410
448,809
634,770
249,407
637,788
417,849
387,115
512,10
422,573
113,832
276,450
402,490
90,575
139,470
53,620
33,621
591,565
96,43
638,203
108,719
155,259
747,660
282,361
282,361
503,151
494,98
339,106
160,699
722,542
232,275
106,331
549,675
173,651
78,272
45,200
630,255
147,179
19,39
620,638
319,693
694,312
714,740
704,734
633,680
106,743
704,39
704,39
654,367
710,382
709,181
51,630
704,39
689,161
233,708
299,320
402,403
45,751
258,529
621,277
761,830
463,439
307,581
13,192
336,741
460,316
110,696
485,214
33,591
36,664
534,222
535,457
656,269
144,665
620,795
815,199
538,536
315,369
630,575
295,287
401,825
331,704
646,548
784,387
615,512
508,777
704,283
33,189
7,581
367,392
106,181
710,633
704,110
741,743
316,245
214,218
512,784
777,548
615,508
646,387
460,161
336,329
696,299
264,200
307,277
101,85
192,58
430,469
233,382
654,156
709,689
815,7
387,777
503,751
45,465
656,501
620,533
133,560
36,157
458,445
591,33
283,299
214,402
299,510
140,200
7,255
387,777
51,621
420,620
591,402
510,654
214,168
255,193
811,506
307,45
528,26
830,199
14,42
529,69
485,581
7,420
33,630
53,147
190,754
503,29
824,490
710,320
743,673
233,181
689,749
316,106
633,110
734,356
245,460
704,696
654,299
709,329
434,708
784,615
512,646
548,508
777,387
33,591
538,315
134,420
200,132
463,193
761,624
630,402
777,387
538,315
233,696
460,156
320,336
754,222
316,367
710,110
181,741
222,506
754,638
646,615
777,512
784,508
106,709
654,392
633,382
591,215
39,47
430,342
168,575
581,501
214,179
67,218
7,463
326,233
364,233
337,803
481,224
88,578
366,226
322,547
801,330
345,539
707,326
702,344
801,314
545,547
174,55
33,485
727,309
327,368
687,180
510,531
733,712
380,701
369,176
536,282
162,717
544,631
365,328
333,335
560,569
533,468
763,619
795,84
663,129
754,101
538,154
375,184
57,335
315,657
210,158
634,573
581,51
591,7
470,644
39,483
536,428
299,106
403,505
704,161
329,680
299,743
630,420
485,815
419,139
264,196
262,436
51,53
255,529
490,36
495,540
29,68
213,515
591,402
508,409
784,414
777,448
548,417
515,213
439,468
638,443
630,238
214,469
7,485
387,64
406,831
450,835
646,410
777,414
573,548
769,508
590,427
213,515
538,315
620,763
590,396
427,74
743,689
233,245
704,156
396,61
427,296
74,242
590,123
33,591
590,49
61,188
296,95
123,504
242,456
396,782
427,814
74,93
716,224
709,316
382,356
110,654
233,300
161,710
299,181
329,367
646,777
387,414
615,409
512,417
508,410
784,450
548,76
448,422
538,707
214,402
575,815
190,168
581,404
218,148
560,563
650,133
500,505
548,508
460,392
696,633
106,336
485,630
7,255
646,835
387,831
450,406
777,573
276,769
414,609
646,64
406,835
831,410
450,387
769,414
548,276
777,609
573,508
428,590
239,638
538,707
414,448
503,624
496,664
111,36
668,597
538,707
590,662
409,548
646,450
777,784
387,422
512,508
417,410
615,76
382,680
224,701
485,45
548,414
33,581
214,255
646,831
410,450
64,835
387,406
609,769
777,508
573,276
646,450
410,406
831,64
387,835
573,414
276,508
777,769
548,609
428,538
88,655
57,662
315,488
708,734
106,329
299,633
716,531
743,654
704,709
689,741
316,156
233,110
456,369
375,668
536,12
162,123
565,238
410,835
548,769
638,518
45,373
529,486
581,420
192,553
292,754
101,222
218,29
751,560
710,696
367,336
181,673
387,410
450,64
406,646
831,835
609,573
777,276
508,414
387,646
831,450
64,406
777,548
276,414
573,769
609,508
503,179
490,19
575,46
168,277
33,591
662,735
655,233
538,600
12,317
123,707
428,337
456,55
668,366
488,396
375,147
315,7
536,512
162,630
88,402
57,634
369,168
434,336
709,460
382,696
633,689
233,106
156,392
743,367
704,710
680,181
512,406
508,114
448,291
615,411
76,249
450,415
409,246
414,769
417,276
646,844
777,10
410,831
387,788
784,780
548,302
422,766
668,655
538,162
329,110
741,161
299,316
662,599
707,315
296,388
701,682
224,374
531,285
716,653
512,409
476,427
326,707
339,331
64,622
508,415
408,550
249,450
543,766
769,835
387,291
777,790
414,72
519,426
302,589
832,844
790,603
450,832
835,426
766,519
249,844
550,414
415,302
291,589
266,456
315,538
339,726
331,240
240,338
726,461
110,460
316,336
696,356
689,329
233,299
161,156
114,413
249,64
291,832
448,408
512,790
769,635
508,634
831,281
450,543
646,248
409,60
417,116
784,72
780,589
548,573
422,835
387,603
410,423
615,451
367,654
710,709
181,382
515,600
162,545
704,106
633,245
743,392
538,88
782,662
701,539
531,180
224,700
716,510
374,331
653,361
682,284
285,112
512,409
639,597
538,209
634,422
12,590
536,162
369,805
700,689
10,452
831,407
415,842
777,778
844,550
76,75
788,80
411,115
302,837
414,426
406,609
114,598
766,816
246,622
276,351
515,279
213,785
707,364
634,422
515,583
279,56
785,524
213,838
315,536
56,250
583,354
785,104
524,289
213,207
838,738
515,273
279,117
512,409
785,363
738,566
207,521
289,405
104,577
838,371
279,552
273,303
88,369
213,479
56,121
524,652
117,516
250,802
515,683
354,611
583,359
634,422
538,326
536,803
538,510
777,646
422,634
536,435
510,732
512,409
732,510
369,162
510,732
315,536
538,315
538,536
88,210
422,409
545,369
315,713
375,314
317,547
337,176
735,808
634,777
512,615
784,646
410,573
488,345
366,578
55,364
366,726
337,174
375,155
547,544
345,539
364,498
808,224
176,806
488,283
317,531
640,7
409,387
578,365
314,233
538,326
326,88
510,461
707,326
732,112
387,646
409,777
162,227
735,440
345,803
498,226
155,240
317,368
544,327
283,326
55,819
578,442
539,112
808,697
174,537
314,81
364,334
366,687
547,355
375,801
488,545
337,331
726,377
531,712
387,512
365,270
233,163
735,347
